# Club Motorsports, Tamworth NH (43.8201 N, 71.2451 W): the centre line every 10 m, clockwise as it is driven,
# from the middle of the front straight. Metres east and north of the first point, metres above sea level, and how
# far the asphalt reaches to the left and to the right of the line, its paved runoff at a bend counted in.
# Line: OpenStreetMap way 717955196, (c) OpenStreetMap contributors, ODbL. Heights: USGS 3DEP 1 m lidar, flown October 2015.
# Widths: measured on USGS NAIP aerial imagery at 0.3 m a pixel.
east_m,north_m,elevation_m,left_m,right_m
0.00,0.00,153.69,7.9,5.1
9.95,-0.94,153.49,8.0,4.9
19.91,-1.90,153.23,8.0,4.8
29.86,-2.83,153.08,8.0,4.7
39.84,-3.43,152.90,8.0,4.6
49.83,-4.03,152.75,8.0,4.6
59.81,-4.65,152.62,8.0,4.7
69.79,-5.25,152.49,8.0,4.8
79.77,-5.85,152.41,8.0,4.9
89.75,-6.46,152.27,8.0,5.0
99.74,-7.06,152.15,8.0,5.1
109.72,-7.67,152.07,8.0,5.2
119.70,-8.27,151.94,8.0,5.2
129.68,-8.87,151.81,8.0,5.3
139.66,-9.48,151.69,8.0,5.3
149.64,-10.20,151.58,8.0,5.4
159.61,-10.92,151.47,8.0,5.4
169.59,-11.65,151.34,8.0,5.4
179.55,-12.37,151.25,8.0,5.4
189.53,-13.09,151.10,8.0,5.3
199.50,-13.81,151.06,8.0,5.3
209.48,-14.54,150.89,8.0,5.2
219.45,-15.26,150.79,8.0,5.2
229.43,-15.98,150.68,8.0,5.3
239.40,-16.69,150.54,8.0,5.5
249.37,-17.41,150.41,8.0,5.8
259.35,-18.14,150.31,8.0,6.1
269.32,-18.86,150.21,8.0,6.4
279.30,-19.50,150.08,8.0,6.7
289.28,-20.13,149.94,8.0,6.8
299.26,-20.75,149.85,8.0,6.8
309.25,-21.37,149.76,8.0,6.8
319.22,-21.99,149.60,8.0,6.5
329.20,-22.62,149.53,8.0,6.3
339.19,-23.23,149.37,8.0,6.1
349.16,-23.85,149.25,8.9,5.9
359.15,-24.47,149.14,9.7,5.8
369.13,-25.09,148.99,10.8,5.9
379.10,-25.72,148.84,11.9,5.9
389.09,-26.34,148.77,13.6,6.1
398.93,-27.63,148.65,14.3,6.1
408.40,-30.83,148.48,16.3,6.2
417.71,-34.32,148.45,18.8,6.8
424.97,-41.20,148.37,21.3,7.5
432.22,-48.08,148.48,23.2,8.2
437.16,-56.77,148.58,25.2,9.1
442.05,-65.49,148.66,26.0,9.9
446.94,-74.21,148.80,22.4,9.7
451.24,-83.24,149.02,18.8,9.4
455.42,-92.32,149.25,15.2,9.0
459.60,-101.41,149.52,11.6,8.5
463.76,-110.50,149.84,8.0,8.0
467.94,-119.58,150.25,8.0,8.0
472.12,-128.67,150.66,8.0,7.9
476.31,-137.75,151.13,8.0,7.8
480.55,-146.81,151.67,8.0,7.7
484.79,-155.86,152.25,8.0,7.6
489.03,-164.92,152.86,8.0,7.5
493.26,-173.98,153.51,8.0,7.5
497.50,-183.03,154.22,8.0,7.6
501.75,-192.09,154.98,8.0,7.7
505.99,-201.15,155.83,8.4,9.1
510.23,-210.21,156.66,8.7,11.2
514.57,-219.21,157.52,9.0,13.3
518.97,-228.19,158.55,9.3,15.3
523.37,-237.17,159.55,9.3,17.0
527.77,-246.15,160.54,8.9,16.5
528.10,-255.85,161.49,8.3,15.2
527.04,-265.79,162.56,7.8,14.0
525.85,-275.72,163.65,7.3,12.0
523.73,-285.49,164.57,7.1,10.3
521.60,-295.26,165.61,6.9,9.5
519.47,-305.02,166.67,6.9,8.8
517.34,-314.79,167.66,6.9,8.0
515.21,-324.57,168.71,6.9,7.9
513.09,-334.34,169.74,6.8,7.9
510.97,-344.11,170.79,6.5,7.9
508.53,-353.81,171.68,6.1,8.0
505.98,-363.48,172.66,5.6,8.2
501.89,-372.47,173.58,5.1,8.4
495.83,-380.25,174.31,4.7,8.5
487.55,-385.85,175.07,4.5,8.5
478.56,-390.05,175.76,4.6,8.3
469.11,-393.33,176.54,4.6,8.1
459.67,-396.61,177.21,4.7,8.0
451.40,-402.03,177.84,4.9,7.8
443.61,-408.29,178.41,5.0,7.8
437.21,-415.84,178.90,5.0,7.8
431.61,-424.12,179.39,5.2,7.8
427.36,-433.09,179.83,5.3,7.8
424.04,-442.53,180.25,5.6,7.7
422.37,-452.10,180.63,6.0,7.6
424.02,-461.96,180.99,6.4,7.4
429.48,-470.22,181.24,6.7,7.3
436.32,-477.35,181.50,6.8,7.1
444.42,-483.21,181.66,6.7,7.1
452.52,-489.07,181.77,6.6,7.0
460.62,-494.94,181.89,6.5,6.8
468.73,-500.79,182.04,6.4,6.5
476.69,-506.85,182.15,6.4,6.2
484.64,-512.91,182.34,6.6,5.9
492.60,-518.96,182.48,6.8,5.7
500.56,-525.02,182.57,7.1,5.6
508.52,-531.08,182.78,7.3,5.5
516.47,-537.13,183.01,7.5,5.5
524.43,-543.19,183.26,7.5,5.5
531.61,-550.14,183.56,7.4,5.7
538.68,-557.20,183.96,7.3,5.9
544.87,-564.97,184.38,7.2,6.1
550.12,-573.49,184.89,7.1,6.2
555.11,-582.10,185.46,7.0,6.1
557.04,-591.91,185.98,6.9,6.0
558.96,-601.72,186.57,6.9,5.9
560.62,-611.58,187.31,6.9,5.9
562.03,-621.48,188.03,6.9,7.4
563.44,-631.39,188.80,6.9,9.1
564.84,-641.29,189.67,6.7,10.7
566.25,-651.18,190.57,6.4,11.3
567.65,-661.08,191.54,6.1,11.8
565.27,-670.64,192.34,5.8,10.6
560.70,-679.17,193.30,5.3,9.5
553.06,-685.63,194.19,5.3,8.3
543.36,-687.84,194.99,5.3,8.0
533.60,-687.46,195.82,5.3,8.0
524.04,-684.80,196.76,5.3,7.9
515.76,-679.18,197.62,5.6,7.7
507.49,-673.57,198.47,5.7,7.6
499.21,-667.96,199.36,5.8,7.4
490.89,-662.42,200.22,5.8,7.3
482.39,-657.13,201.10,5.8,7.2
473.90,-651.86,201.86,5.6,7.3
465.41,-646.58,202.56,5.3,7.3
456.92,-641.30,203.31,5.1,7.4
448.42,-636.02,203.90,5.0,7.4
439.93,-630.73,204.51,4.9,7.6
431.45,-625.45,205.09,4.8,7.6
422.95,-620.17,205.57,4.8,7.7
414.46,-614.89,206.02,4.7,7.8
405.97,-609.60,206.45,4.7,7.9
397.48,-604.32,206.74,4.6,8.0
388.98,-599.05,207.12,4.6,8.0
380.49,-593.77,207.35,4.5,7.9
372.00,-588.49,207.55,4.5,7.8
364.13,-582.33,207.71,4.6,7.7
356.35,-576.05,207.85,4.7,7.6
348.57,-569.76,207.90,4.8,7.5
340.79,-563.48,207.93,4.9,7.5
333.01,-557.19,207.95,4.9,7.5
325.24,-550.91,207.84,4.9,7.6
317.46,-544.62,207.76,4.9,7.6
309.67,-538.35,207.60,4.8,7.7
301.89,-532.07,207.37,4.8,7.7
294.11,-525.80,207.11,5.3,7.8
286.32,-519.52,206.84,5.9,7.9
278.53,-513.24,206.46,6.4,7.9
270.75,-506.96,206.05,7.0,8.0
262.97,-500.68,205.61,7.5,8.0
255.19,-494.40,205.13,7.4,8.0
247.40,-488.14,204.61,7.3,8.3
239.61,-481.86,203.84,7.2,8.7
231.83,-475.58,203.13,7.1,9.1
224.05,-469.30,202.46,7.0,9.5
216.26,-463.02,201.67,6.9,9.8
208.47,-456.74,200.88,8.5,9.8
202.47,-449.14,200.20,12.3,9.7
198.65,-439.89,199.38,16.1,9.5
197.13,-430.34,198.56,19.9,9.3
198.29,-420.40,197.62,23.7,8.9
199.76,-410.62,196.81,26.0,8.5
206.84,-403.55,195.82,26.0,8.1
213.91,-396.49,194.84,26.0,7.7
222.22,-391.05,193.67,26.0,7.2
230.95,-386.18,192.47,26.0,7.0
239.68,-381.33,191.27,26.0,6.8
249.39,-378.97,190.22,22.4,6.7
259.14,-376.76,189.11,18.8,6.5
268.89,-374.54,187.92,15.2,6.5
278.65,-372.33,186.69,11.6,6.4
288.40,-370.11,185.52,8.0,6.3
298.15,-367.90,184.30,8.7,6.2
307.90,-365.69,183.19,9.4,6.2
317.65,-363.48,181.98,10.0,6.3
327.41,-361.27,180.78,10.9,6.5
337.13,-358.99,179.70,11.8,7.1
346.05,-354.46,178.50,11.9,8.1
354.96,-349.92,177.49,12.1,9.8
362.36,-343.44,176.38,12.1,12.1
368.96,-335.93,175.20,11.8,15.7
375.55,-328.42,174.05,11.5,19.0
379.47,-319.32,172.88,11.0,21.7
382.81,-309.89,171.73,10.6,24.0
386.16,-300.48,170.74,10.4,25.4
386.45,-290.91,169.63,10.3,25.1
384.02,-281.21,168.59,10.4,23.9
381.59,-271.51,167.62,10.7,22.1
378.61,-262.02,166.74,12.2,20.1
373.73,-253.29,165.74,11.8,16.7
368.85,-244.57,164.86,11.3,13.5
363.96,-235.84,164.01,10.7,11.3
359.09,-227.11,163.19,9.7,9.6
354.21,-218.39,162.50,7.3,7.9
349.33,-209.65,161.77,6.9,7.8
344.46,-200.93,161.15,6.5,7.7
340.04,-191.96,160.56,6.0,7.6
335.73,-182.93,160.02,5.9,7.4
331.41,-173.91,159.56,5.9,7.3
327.10,-164.89,159.08,5.9,7.1
322.79,-155.86,158.68,6.1,6.9
318.48,-146.84,158.38,6.2,6.8
312.18,-139.20,158.09,6.2,7.0
305.23,-132.00,157.83,6.2,7.2
296.30,-127.70,157.61,6.1,7.5
287.05,-123.96,157.40,5.9,7.8
277.22,-122.06,157.28,5.6,8.0
267.41,-120.16,157.27,5.4,8.1
257.59,-118.26,157.24,5.2,8.0
247.77,-116.36,157.30,5.0,8.0
237.96,-114.45,157.41,4.8,8.0
228.14,-112.55,157.61,4.8,8.0
218.30,-110.72,157.81,4.8,8.0
208.43,-109.13,158.04,4.8,8.0
198.56,-107.55,158.34,4.8,8.0
188.68,-105.96,158.63,4.8,7.9
178.81,-104.39,159.01,4.9,7.9
168.94,-102.80,159.51,4.9,7.9
159.04,-102.70,160.03,5.0,7.8
149.11,-103.91,160.51,5.0,7.8
139.22,-105.24,161.14,5.0,7.8
129.86,-108.76,161.78,5.0,7.9
120.50,-112.30,162.41,4.9,8.0
111.48,-116.57,163.15,4.9,8.1
102.65,-121.27,163.96,4.8,8.2
93.82,-125.96,164.79,4.8,8.3
85.00,-130.66,165.69,4.8,8.3
76.16,-135.35,166.61,5.0,8.1
67.34,-140.05,167.63,5.3,8.1
58.51,-144.74,168.69,5.6,8.0
51.14,-151.32,169.78,5.9,7.9
44.86,-158.97,170.93,6.2,7.8
41.62,-168.43,172.05,6.2,7.8
38.41,-177.91,173.34,6.1,7.8
35.52,-187.48,174.56,5.9,7.8
32.62,-197.05,175.91,5.8,7.9
29.71,-206.62,177.07,5.7,7.9
26.81,-216.19,178.41,5.7,7.9
23.91,-225.75,179.55,5.7,7.7
21.00,-235.32,180.73,5.7,7.5
18.10,-244.89,182.15,5.8,7.2
15.20,-254.47,183.71,5.8,7.0
12.30,-264.04,184.66,5.9,6.7
9.40,-273.61,185.81,5.9,6.7
6.50,-283.18,187.11,6.0,6.6
3.60,-292.74,188.32,6.0,6.5
0.69,-302.31,189.60,6.0,6.5
-2.21,-311.88,190.83,6.1,6.4
-5.11,-321.45,192.09,6.2,6.4
-8.01,-331.03,193.20,6.5,6.3
-10.91,-340.60,194.38,6.7,6.4
-13.81,-350.17,195.38,7.0,6.5
-16.71,-359.73,196.51,7.2,6.7
-19.61,-369.30,197.39,7.4,6.8
-22.52,-378.87,198.44,7.3,6.9
-25.42,-388.44,199.25,7.2,7.0
-28.32,-398.01,200.15,6.9,7.1
-32.17,-407.22,200.95,6.6,7.3
-36.31,-416.32,201.75,6.3,7.5
-41.43,-424.75,202.43,6.1,7.7
-48.52,-431.81,203.14,6.0,7.8
-55.59,-438.87,203.77,6.0,7.9
-63.83,-444.46,204.31,6.0,7.9
-72.39,-449.63,204.86,6.1,8.0
-81.21,-454.21,205.29,6.1,8.2
-90.78,-457.11,205.74,6.2,8.3
-100.35,-460.01,206.13,6.2,8.3
-110.06,-462.19,206.49,6.3,8.3
-120.03,-462.83,206.74,6.2,8.3
-130.01,-463.44,207.06,6.1,8.2
-139.03,-459.14,207.23,6.1,8.1
-148.05,-454.83,207.41,6.1,7.8
-155.12,-448.50,207.52,6.2,7.6
-159.77,-439.64,207.57,6.5,7.2
-163.69,-430.58,207.60,7.1,6.6
-164.30,-420.60,207.50,7.5,6.1
-164.92,-410.62,207.48,8.0,5.7
-161.34,-401.68,207.33,8.5,5.3
-156.12,-393.14,207.16,8.7,5.2
-150.86,-384.66,206.94,8.6,5.2
-142.54,-379.13,206.72,8.6,5.3
-134.21,-373.58,206.43,8.3,5.3
-125.67,-368.41,206.13,8.1,5.4
-116.65,-364.10,205.67,7.9,5.4
-107.63,-359.78,205.22,8.0,5.8
-98.61,-355.47,204.80,8.2,6.8
-89.91,-350.64,204.32,8.3,8.5
-82.23,-344.24,203.77,8.5,10.1
-74.54,-337.85,203.19,8.8,11.7
-69.17,-329.48,202.46,8.9,13.0
-64.07,-320.88,201.84,9.1,13.5
-59.83,-311.93,201.14,9.2,13.4
-57.32,-302.23,200.41,9.3,13.4
-54.82,-292.55,199.63,9.3,13.3
-52.32,-282.88,198.74,9.2,13.4
-49.82,-273.20,197.88,9.0,14.0
-48.21,-263.36,197.06,8.8,15.4
-47.47,-253.39,196.16,8.4,17.5
-47.84,-243.46,195.27,7.9,19.6
-49.35,-233.58,194.29,7.5,21.7
-53.25,-224.44,193.39,7.1,23.3
-57.64,-215.46,192.59,6.9,24.2
-62.97,-207.16,191.66,8.6,24.4
-70.27,-200.34,190.75,10.4,24.4
-77.58,-193.50,189.91,12.4,23.5
-84.96,-186.77,189.07,13.2,21.9
-93.13,-181.00,188.24,13.0,19.4
-101.29,-175.22,187.45,10.9,16.5
-109.46,-169.45,186.55,8.8,13.3
-117.71,-163.83,185.75,6.5,10.9
-126.81,-159.69,184.89,5.3,9.4
-135.90,-155.53,184.00,5.4,9.0
-145.00,-151.37,183.21,6.1,9.1
-153.94,-146.93,182.36,7.3,9.5
-162.33,-141.48,181.61,8.8,9.8
-170.71,-136.04,180.79,10.8,10.0
-177.71,-129.06,179.96,12.5,9.9
-183.99,-121.27,179.04,13.7,9.8
-190.25,-113.48,178.24,14.6,9.8
-195.80,-105.23,177.44,14.9,9.7
-200.12,-96.22,176.51,14.5,9.6
-204.43,-87.19,175.70,14.1,9.6
-208.11,-77.89,174.84,14.9,9.6
-212.78,-65.91,173.76,15.9,9.6
-216.25,-56.53,172.79,17.0,9.6
-219.72,-47.15,172.06,18.5,9.4
-223.18,-37.77,171.17,20.0,9.1
-225.12,-28.02,170.32,21.1,8.8
-226.40,-18.10,169.38,22.2,8.5
-227.67,-8.18,168.65,23.4,8.2
-223.40,0.38,167.85,24.5,8.1
-217.08,7.83,167.09,25.7,8.1
-207.86,11.70,166.19,26.0,8.1
-198.53,15.17,165.26,25.7,9.6
-188.64,16.65,164.39,24.5,12.0
-178.75,18.13,163.51,23.3,14.4
-168.84,19.23,162.74,21.2,17.7
-158.86,18.63,161.93,18.5,21.2
-148.88,18.03,161.07,15.2,19.7
-138.91,17.36,160.43,12.8,17.3
-128.99,16.09,159.80,10.4,14.9
-119.06,14.84,159.14,8.9,11.6
-109.14,13.57,158.51,8.0,8.0
-99.22,12.31,157.87,7.9,8.0
-89.30,11.05,157.32,7.8,8.0
-79.39,9.72,156.78,7.7,7.5
-69.49,8.36,156.32,7.6,7.1
-59.58,6.99,155.89,7.4,6.6
-49.67,5.63,155.44,7.4,6.0
-39.76,4.27,155.02,7.4,5.5
-29.86,2.90,154.67,7.5,5.4
-19.91,1.90,154.30,7.6,5.3
-9.96,0.94,154.01,7.8,5.2
